Status,Código da coleção,Tombo MHNBA,Tombo Projeto,Desig.,Ordem,Subordem,Família,Subfamília,Tribo,Gênero,Subgênero,Espécie,Autor sp.,Sexo,Determinação,Data Col.,Hora,UR %,Temp. ºC,País,UF,Município,Localidade,Complemento,Latitude,Longitude,Alt. (m),Coletor,Método de Coleta,Nº de especimes,Classe de tamanho,Projeto,Cód. de Campo,Ambiente,Obs,Espécie vegetal visitada,# Ninho,Caixa,Referência
,Blatto.,00001,MR001,,Blattodea,Blattaria,Blaberidae,,,,,,,,"M. J. B. P. R., Miranda, 2022",02-15.i.2020,,,,Brasil,Ceará,Crato,Fazenda Seu Luis,,-7.21718,-39.4736,,"Rilquer M., Lucas P.",Pitfall,4,"Classe 4, 5, 6",,ARA 02,,1,,,,
,Blatto.,00003,MR003,,Blattodea,Blattaria,Blaberidae,,,,,,,,"M. J. B. P. R., Miranda, 2022",06-13.i.2020,,,,Brasil,Ceará,Barbalha,Fazenda Santa Rita,,-7.36641,-39.31042,,"Rilquer M., Lucas P.",Pitfall,2,Classe 6,,ARA 03,,2,,,,
,Blatto.,00004,MR004,,Blattodea,Blattaria,Blattellidae,,,,,,,,"M. J. B. P. R., Miranda, 2022",12-26.iii.2022,,,,Brasil,Ceará,Crato,,,-7.30628,-39.45638,,Rilquer Mascarenhas,Malaise,2,Classe 5,,ARA 01,,3,,,,
,Blatto.,00005,MR005,,Blattodea,Blattaria,Blaberidae,,,,,,,,"M. J. B. P. R., Miranda, 2022",06-13.i.2020,,,,Brasil,Ceará,Barbalha,Fazenda Santa Rita,,-7.36641,-39.31042,,"Rilquer M., Lucas P.",Pitfall,2,"Classe 5, 6",,ARA 03,,4,,,,
,Blatto.,00006,MR006,,Blattodea,Blattaria,Blattellidae,,,,,,,,"M. J. B. P. R., Miranda, 2022",06-13.i.2020,,,,Brasil,Ceará,Barbalha,Fazenda Santa Rita,,-7.36641,-39.31042,,"Rilquer M., Lucas P.",Pitfall,5,Classe 5,,ARA 03,,4,,,,
,Blatto.,00007,MR007,,Blattodea,Isoptera,Termitidae,,,,,,,,"M. J. B. P. R., Miranda, 2022",06-13.i.2020,,,,Brasil,Ceará,Barbalha,Fazenda Santa Rita,,-7.36641,-39.31042,,"Rilquer M., Lucas P.",Pitfall,2,Classe 3,,ARA 03,,4,,,,
,Blatto.,00009,MR009,,Blattodea,Blattaria,Blattellidae,,,,,,,,"M. J. B. P. R., Miranda, 2022",06-13.i.2020,,,,Brasil,Ceará,Barbalha,Fazenda Santa Rita,,-7.36641,-39.31042,,"Rilquer M., Lucas P.",Malaise,3,Classe 5,,ARA 03,,5,,,,
,Blatto.,00010,MR010,,Blattodea,Blattaria,Blattelidae,,,,,,,,"M. J. B. P. R., Miranda, 2022",12-26..iii.2022,,,,Brasil,Ceará,Barbalha,Trilha das Flores,,-7.389190112,-39.28148954,,Rilquer Mascarenhas,Malaise,9,Classe 5,,ARA 03,,6,,,,
,Blatto.,00011,MR011,,Blattodea,Blattaria,Blattellidae,,,,,,,,"M. J. B. P. R., Miranda, 2022",12-27.iii.2022,,,,Brasil,Ceará,Barbalha,Trilha das Flores,,-7.389190112,-39.28148954,,Rilquer Mascarenhas,Pitfall,4,Classe 5,,ARA 03,,7,,,,
,Blatto.,00012,MR012,,Blattodea,Blattaria,Blattellidae,,,,,,,,"M. J. B. P. R., Miranda, 2022",12-26.iii.2022,,,,Brasil,Ceará,Crato,,,-7.30628,-39.45638,,Rilquer Mascarenhas,Pitfall,1,Classe 3,,ARA 01,,8,,,,
,Blatto.,00013,MR013,,Blattodea,Blattaria,Blattellidae,,,,,,,,"M. J. B. P. R., Miranda, 2022",02-15.i.2020,,,,Brasil,Ceará,Crato,Fazenda Seu Luis,,-7.21718,-39.4736,,"Rilquer M., Lucas P.",Malaise,3,Classe 4,,ARA 02,,9,,,,
,Blatto.,00016,MR016,,Blattodea,Isoptera,Termitidae,,,,,,,,"M. J. B. P. R., Miranda, 2022",03-19.iv.2022,,,,Brasil,Ceará,Ubajara,,,-4.06658,-40.8454,,"Rilquer M., Marcel L., Isabelle L., André M.",Pitfall,1,Classe 3,,UBA03,,11,,,,
,Blatto.,00017,MR017,,Blattodea,Blattaria,Blattellidae,,,,,,,,"M. J. B. P. R., Miranda, 2022",03-19.iv.2022,,,,Brasil,Ceará,Ubajara,,,-4.06658,-40.8454,,"Rilquer M., Marcel L., Isabelle L., André M.",Pitfall,1,Classe 4,,UBA03,,11,,,,
,Blatto.,00018,MR018,,Blattodea,Blattaria,Blattellidae,,,,,,,,"M. J. B. P. R., Miranda, 2022",03-19.iv.2022,,,,Brasil,Ceará,Ubajara,,,-3.83657,-40.91135,,"Rilquer M., Marcel L., Isabelle L., André M.",Pitfall,1,Classe 5,,UBA02,,13,,,,
,Blatto.,00019,MR019,,Blattodea,Blattaria,Blattellidae,,,,,,,,"M. J. B. P. R., Miranda, 2022",03-19.iv.2022,,,,Brasil,Ceará,Ubajara,,,-3.84109,-40.94129,,"Rilquer M., Marcel L., Isabelle L., André M.",Malaise,1,Classe 5,,UBA01,,14,,,,
,Blatto.,00020,MR020,,Blattodea,Blattaria,Blattellidae,,,,,,,,"M. J. B. P. R., Miranda, 2022",03-19.iv.2022,,,,Brasil,Ceará,Ubajara,,,-3.83657,-40.91135,,"Rilquer M., Marcel L., Isabelle L., André M.",Malaise,1,Classe 5,,UBA02,,15,,,,
,Coleo.,06001,MR021,,Coleoptera,,Carabidae,,,,,,,,"M. J. B. P. R., Miranda, 2022",02-15.i.2020,,,,Brasil,Ceará,Crato,Fazenda Seu Luis,,-7.21718,-39.4736,,"Rilquer M., Lucas P.",Pitfall,1,Classe 3,,ARA 02,,1,,,,
,Coleo.,06002,MR022,,Coleoptera,,Staphylinidae,,,,,,,,"M. J. B. P. R., Miranda, 2022",02-15.i.2020,,,,Brasil,Ceará,Crato,Fazenda Seu Luis,,-7.21718,-39.4736,,"Rilquer M., Lucas P.",Pitfall,1,Classe 3,,ARA 02,,1,,,,
,Coleo.,06003,MR023,,Coleoptera,,Curculionidae,,,,,,,,"M. J. B. P. R., Miranda, 2022",02-15.i.2020,,,,Brasil,Ceará,Crato,Fazenda Seu Luis,,-7.21718,-39.4736,,"Rilquer M., Lucas P.",Pitfall,3,"Classe 2, 3",,ARA 02,,1,,,,
,Coleo.,06004,MR024,,Coleoptera,,Microsporidae,,,,,,,,"M. J. B. P. R., Miranda, 2022",02-15.i.2020,,,,Brasil,Ceará,Crato,Fazenda Seu Luis,,-7.21718,-39.4736,,"Rilquer M., Lucas P.",Pitfall,1,Classe 3,,ARA 02,,1,,,,
,Coleo.,06006,MR026,,Coleoptera,,Carabidae,,,,,,,,"M. J. B. P. R., Miranda, 2022",06-13.i.2020,,,,Brasil,Ceará,Barbalha,Fazenda Santa Rita,,-7.36641,-39.31042,,"Rilquer M., Lucas P.",Pitfall,1,Classe 6,,ARA 03,,2,,,,
,Coleo.,06007,MR027,,Coleoptera,,Nitidulidae,,,,,,,,"M. J. B. P. R., Miranda, 2022",06-13.i.2020,,,,Brasil,Ceará,Barbalha,Fazenda Santa Rita,,-7.36641,-39.31042,,"Rilquer M., Lucas P.",Pitfall,1,Classe 3,,ARA 03,,2,,,,
,Coleo.,06008,MR028,,Coleoptera,,Staphylinidae,,,,,,,,"M. J. B. P. R., Miranda, 2022",06-13.i.2020,,,,Brasil,Ceará,Barbalha,Fazenda Santa Rita,,-7.36641,-39.31042,,"Rilquer M., Lucas P.",Pitfall,5,"Classe 2, 3",,ARA 03,,2,,,,
,Coleo.,06009,MR029,,Coleoptera,,Curculionidae,,,,,,,,"M. J. B. P. R., Miranda, 2022",06-13.i.2020,,,,Brasil,Ceará,Barbalha,Fazenda Santa Rita,,-7.36641,-39.31042,,"Rilquer M., Lucas P.",Pitfall,1,Classe 3,,ARA 03,,2,,,,
,Coleo.,06010,MR030,,Coleoptera,,Chrysomelidae,,,,,,,,"M. J. B. P. R., Miranda, 2022",12-26.iii.2022,,,,Brasil,Ceará,Crato,,,-7.30628,-39.45638,,Rilquer Mascarenhas,Malaise,2,"Classe 2, 3",,ARA 01,,3,,,,
,Coleo.,06015,MR035,,Coleoptera,,Curculionidae,,,,,,,,"M. J. B. P. R., Miranda, 2022",06-13.i.2020,,,,Brasil,Ceará,Barbalha,Fazenda Santa Rita,,-7.36641,-39.31042,,"Rilquer M., Lucas P.",Pitfall,2,"Classe 2, 4",,ARA 03,,4,,,,
,Coleo.,06016,MR036,,Coleoptera,,Hybosoridae,,,,,,,,"M. J. B. P. R., Miranda, 2022",06-13.i.2020,,,,Brasil,Ceará,Barbalha,Fazenda Santa Rita,,-7.36641,-39.31042,,"Rilquer M., Lucas P.",Pitfall,1,Classe 5,,ARA 03,,4,,,,
,Coleo.,06017,MR037,,Coleoptera,,Carabidae,,,,,,,,"M. J. B. P. R., Miranda, 2022",06-13.i.2020,,,,Brasil,Ceará,Barbalha,Fazenda Santa Rita,,-7.36641,-39.31042,,"Rilquer M., Lucas P.",Pitfall,2,Classe 5,,ARA 03,,4,,,,
,Coleo.,06018,MR038,,Coleoptera,,Nitidulidae,,,,,,,,"M. J. B. P. R., Miranda, 2022",06-13.i.2020,,,,Brasil,Ceará,Barbalha,Fazenda Santa Rita,,-7.36641,-39.31042,,"Rilquer M., Lucas P.",Pitfall,3,"Classe 3, 4",,ARA 03,,4,,,,
,Coleo.,06020,MR040,,Coleoptera,,Curculionidae,,,,,,,,"M. J. B. P. R., Miranda, 2022",06-13.i.2020,,,,Brasil,Ceará,Barbalha,Fazenda Santa Rita,,-7.36641,-39.31042,,"Rilquer M., Lucas P.",Malaise,2,"Classe 2, 4",,ARA 03,,5,,,,
,Coleo.,06021,MR041,,Coleoptera,,Phengodidae,,,,,,,,"M. J. B. P. R., Miranda, 2022",06-13.i.2020,,,,Brasil,Ceará,Barbalha,Fazenda Santa Rita,,-7.36641,-39.31042,,"Rilquer M., Lucas P.",Malaise,3,"Classe 4, 5",,ARA 03,,5,,,,
,Coleo.,06022,MR042,,Coleoptera,,Carabidae,,,,,,,,"M. J. B. P. R., Miranda, 2022",06-13.i.2020,,,,Brasil,Ceará,Barbalha,Fazenda Santa Rita,,-7.36641,-39.31042,,"Rilquer M., Lucas P.",Malaise,1,Classe 3,,ARA 03,,5,,,,
,Coleo.,06023,MR043,,Coleoptera,,Mordelidae,,,,,,,,"M. J. B. P. R., Miranda, 2022",06-13.i.2020,,,,Brasil,Ceará,Barbalha,Fazenda Santa Rita,,-7.36641,-39.31042,,"Rilquer M., Lucas P.",Malaise,5,Classe 3,,ARA 03,,5,,,,
,Coleo.,06024,MR045,,Coleoptera,,Chrysomelidae,,,,,,,,"M. J. B. P. R., Miranda, 2022",06-13.i.2020,,,,Brasil,Ceará,Barbalha,Fazenda Santa Rita,,-7.36641,-39.31042,,"Rilquer M., Lucas P.",Malaise,5,"Classe 2, 3",,ARA 03,,5,,,,
,Coleo.,06025,MR046,,Coleoptera,,Coccinellidae,,,,,,,,"M. J. B. P. R., Miranda, 2022",06-13.i.2020,,,,Brasil,Ceará,Barbalha,Fazenda Santa Rita,,-7.36641,-39.31042,,"Rilquer M., Lucas P.",Malaise,1,Class 2,,ARA 03,,5,,,,
,Coleo.,06027,MR048,,Coleoptera,,Chrysomelidae,,,,,,,,"M. J. B. P. R., Miranda, 2022",12-26..iii.2022,,,,Brasil,Ceará,Barbalha,Trilha das Flores,,-7.389190112,-39.28148954,,Rilquer Mascarenhas,Malaise,7,"Classe 2, 3, 4",,ARA 03,,6,,,,
,Coleo.,06029,MR050,,Coleoptera,,Corylophidae,,,,,,,,"M. J. B. P. R., Miranda, 2022",12-26..iii.2022,,,,Brasil,Ceará,Barbalha,Trilha das Flores,,-7.389190112,-39.28148954,,Rilquer Mascarenhas,Malaise,1,Classe 2,,ARA 03,,6,,,,
,Coleo.,06031,MR052,,Coleoptera,,Curculionidae,,,,,,,,"M. J. B. P. R., Miranda, 2022",12-26..iii.2022,,,,Brasil,Ceará,Barbalha,Trilha das Flores,,-7.389190112,-39.28148954,,Rilquer Mascarenhas,Malaise,2,Classe 3,,ARA 03,,6,,,,
,Coleo.,06034,MR055,,Coleoptera,,Nitidulidae,,,,,,,,"M. J. B. P. R., Miranda, 2022",12-26..iii.2022,,,,Brasil,Ceará,Barbalha,Trilha das Flores,,-7.389190112,-39.28148954,,Rilquer Mascarenhas,Malaise,1,Classe 3,,ARA 03,,6,,,,
,Coleo.,06035,MR056,,Coleoptera,,Carabidae,,,,,,,,"M. J. B. P. R., Miranda, 2022",12-27.iii.2022,,,,Brasil,Ceará,Barbalha,Trilha das Flores,,-7.389190112,-39.28148954,,Rilquer Mascarenhas,Pitfall,3,"Classe 4, 6",,ARA 03,,7,,,,
,Coleo.,06036,MR057,,Coleoptera,,Staphylinidae,,,,,,,,"M. J. B. P. R., Miranda, 2022",12-27.iii.2022,,,,Brasil,Ceará,Barbalha,Trilha das Flores,,-7.389190112,-39.28148954,,Rilquer Mascarenhas,Pitfall,2,"Classe 2, 5",,ARA 03,,7,,,,
,Coleo.,06039,MR060,,Coleoptera,,Leiodidae,,,,,,,,"M. J. B. P. R., Miranda, 2022",12-27.iii.2022,,,,Brasil,Ceará,Barbalha,Trilha das Flores,,-7.389190112,-39.28148954,,Rilquer Mascarenhas,Pitfall,8,Classe 3,,ARA 03,,7,,,,
,Coleo.,06040,MR061,,Coleoptera,,Hybosoridae,,,,,,,,"M. J. B. P. R., Miranda, 2022",12-27.iii.2022,,,,Brasil,Ceará,Barbalha,Trilha das Flores,,-7.389190112,-39.28148954,,Rilquer Mascarenhas,Pitfall,3,Classe 5,,ARA 03,,7,,,,
,Coleo.,06041,MR062,,Coleoptera,,Carabidae,,,,,,,,"M. J. B. P. R., Miranda, 2022",12-26.iii.2022,,,,Brasil,Ceará,Crato,,,-7.30628,-39.45638,,Rilquer Mascarenhas,Pitfall,1,Classe 4,,ARA 01,,8,,,,
,Coleo.,06043,MR064,,Coleoptera,,Curculionidae,,,,,,,,"M. J. B. P. R., Miranda, 2022",12-26.iii.2022,,,,Brasil,Ceará,Crato,,,-7.30628,-39.45638,,Rilquer Mascarenhas,Pitfall,2,Classe 3,,ARA 01,,8,,,,
,Coleo.,06044,MR065,,Coleoptera,,Staphylinidae,,,,,,,,"M. J. B. P. R., Miranda, 2022",12-26.iii.2022,,,,Brasil,Ceará,Crato,,,-7.30628,-39.45638,,Rilquer Mascarenhas,Pitfall,7,"Classe 3, 4, 5",,ARA 01,,8,,,,
,Coleo.,06045,MR066,,Coleoptera,,Chrysomelidae,,,,,,,,"M. J. B. P. R., Miranda, 2022",02-15.i.2020,,,,Brasil,Ceará,Crato,Fazenda Seu Luis,,-7.21718,-39.4736,,"Rilquer M., Lucas P.",Malaise,8,"Classe 2, 3",,ARA 02,,9,,,,
,Coleo.,06046,MR067,,Coleoptera,,Curculionidae,,,,,,,,"M. J. B. P. R., Miranda, 2022",02-15.i.2020,,,,Brasil,Ceará,Crato,Fazenda Seu Luis,,-7.21718,-39.4736,,"Rilquer M., Lucas P.",Malaise,5,"Classe 3, 4",,ARA 02,,9,,,,
,Coleo.,06047,MR068,,Coleoptera,,Corylophidae,,,,,,,,"M. J. B. P. R., Miranda, 2022",02-15.i.2020,,,,Brasil,Ceará,Crato,Fazenda Seu Luis,,-7.21718,-39.4736,,"Rilquer M., Lucas P.",Malaise,1,Classe 3,,ARA 02,,9,,,,
,Coleo.,06048,MR069,,Coleoptera,,Cerambycidae,,,,,,,,"M. J. B. P. R., Miranda, 2022",02-15.i.2020,,,,Brasil,Ceará,Crato,Fazenda Seu Luis,,-7.21718,-39.4736,,"Rilquer M., Lucas P.",Malaise,4,Classe 4,,ARA 02,,9,,,,
,Coleo.,06050,MR071,,Coleoptera,,Endomychidae,,,,,,,,"M. J. B. P. R., Miranda, 2022",02-15.i.2020,,,,Brasil,Ceará,Crato,Fazenda Seu Luis,,-7.21718,-39.4736,,"Rilquer M., Lucas P.",Malaise,1,Classe 4,,ARA 02,,9,,,,
,Coleo.,06052,MR073,,Coleoptera,,Phengodidae,,,,,,,,"M. J. B. P. R., Miranda, 2022",02-15.i.2020,,,,Brasil,Ceará,Crato,Fazenda Seu Luis,,-7.21718,-39.4736,,"Rilquer M., Lucas P.",Malaise,2,Classe 4,,ARA 02,,9,,,,
,Coleo.,06053,MR074,,Coleoptera,,Hybosoridae,,,,,,,,"M. J. B. P. R., Miranda, 2022",03-19.iv.2022,,,,Brasil,Ceará,Ubajara,,,-3.84109,-40.94129,,"Rilquer M., Marcel L., Isabelle L., André M.",Pitfall,5,"Classe 3, 5",,UBA01,,10,,,,
,Coleo.,06054,MR075,,Coleoptera,,Nitidulidae,,,,,,,,"M. J. B. P. R., Miranda, 2022",03-19.iv.2022,,,,Brasil,Ceará,Ubajara,,,-3.84109,-40.94129,,"Rilquer M., Marcel L., Isabelle L., André M.",Pitfall,6,Classe 3,,UBA01,,10,,,,
,Coleo.,06055,MR076,,Coleoptera,,Curculionidae,,,,,,,,"M. J. B. P. R., Miranda, 2022",03-19.iv.2022,,,,Brasil,Ceará,Ubajara,,,-3.84109,-40.94129,,"Rilquer M., Marcel L., Isabelle L., André M.",Pitfall,3,"Classe 3, 4",,UBA01,,10,,,,
,Coleo.,06059,MR080,,Coleoptera,,Staphylinidae,,,,,,,,"M. J. B. P. R., Miranda, 2022",03-19.iv.2022,,,,Brasil,Ceará,Ubajara,,,-3.84109,-40.94129,,"Rilquer M., Marcel L., Isabelle L., André M.",Pitfall,13,"Classe 2, 3, 4",,UBA01,,10,,,,
,Coleo.,06060,MR081,,Coleoptera,,Curculionidae,,,,,,,,"M. J. B. P. R., Miranda, 2022",03-19.iv.2022,,,,Brasil,Ceará,Ubajara,,,-4.06658,-40.8454,,"Rilquer M., Marcel L., Isabelle L., André M.",Pitfall,3,Classe 3,,UBA03,,11,,,,
,Coleo.,06062,MR084,,Coleoptera,,Chrysomelidae,,,,,,,,"M. J. B. P. R., Miranda, 2022",03-19.iv.2022,,,,Brasil,Ceará,Ubajara,,,-4.06658,-40.8454,,"Rilquer M., Marcel L., Isabelle L., André M.",Pitfall,2,"Classe 3, 4",,UBA03,,11,,,,
,Coleo.,06063,MR085,,Coleoptera,,Hybosoridae,,,,,,,,"M. J. B. P. R., Miranda, 2022",03-19.iv.2022,,,,Brasil,Ceará,Ubajara,,,-4.06658,-40.8454,,"Rilquer M., Marcel L., Isabelle L., André M.",Pitfall,3,Classe 5,,UBA03,,11,,,,
,Coleo.,06064,MR086,,Coleoptera,,Staphylinidae,,,,,,,,"M. J. B. P. R., Miranda, 2022",03-19.iv.2022,,,,Brasil,Ceará,Ubajara,,,-4.06658,-40.8454,,"Rilquer M., Marcel L., Isabelle L., André M.",Pitfall,9,"Classe 3, 4",,UBA03,,11,,,,
,Coleo.,06065,MR087,,Coleoptera,,Nitidulidae,,,,,,,,"M. J. B. P. R., Miranda, 2022",03-19.iv.2022,,,,Brasil,Ceará,Ubajara,,,-4.06658,-40.8454,,"Rilquer M., Marcel L., Isabelle L., André M.",Malaise,1,Classe 3,,UBA03,,12,,,,
,Coleo.,06068,MR090,,Coleoptera,,Chrysomelidae,,,,,,,,"M. J. B. P. R., Miranda, 2022",03-19.iv.2022,,,,Brasil,Ceará,Ubajara,,,-4.06658,-40.8454,,"Rilquer M., Marcel L., Isabelle L., André M.",Malaise,6,"Classe 2, 3",,UBA03,,12,,,,
,Coleo.,06071,MR093,,Coleoptera,,Staphylinidae,,,,,,,,"M. J. B. P. R., Miranda, 2022",03-19.iv.2022,,,,Brasil,Ceará,Ubajara,,,-3.83657,-40.91135,,"Rilquer M., Marcel L., Isabelle L., André M.",Pitfall,14,"Classe 3, 4, 5",,UBA02,,13,,,,
,Coleo.,06072,MR094,,Coleoptera,,Nitidulidae,,,,,,,,"M. J. B. P. R., Miranda, 2022",03-19.iv.2022,,,,Brasil,Ceará,Ubajara,,,-3.83657,-40.91135,,"Rilquer M., Marcel L., Isabelle L., André M.",Pitfall,40,"Classe 3, 4",,UBA02,,13,,,,
,Coleo.,06073,MR095,,Coleoptera,,Chrysomelidae,,,,,,,,"M. J. B. P. R., Miranda, 2022",03-19.iv.2022,,,,Brasil,Ceará,Ubajara,,,-3.84109,-40.94129,,"Rilquer M., Marcel L., Isabelle L., André M.",Malaise,4,Classe 3,,UBA01,,14,,,,
,Coleo.,06074,MR096,,Coleoptera,,Staphylinidae,,,,,,,,"M. J. B. P. R., Miranda, 2022",03-19.iv.2022,,,,Brasil,Ceará,Ubajara,,,-3.84109,-40.94129,,"Rilquer M., Marcel L., Isabelle L., André M.",Malaise,3,"Classe 2, 3",,UBA01,,14,,,,
,Coleo.,06077,MR099,,Coleoptera,,Lycidae,,,,,,,,"M. J. B. P. R., Miranda, 2022",03-19.iv.2022,,,,Brasil,Ceará,Ubajara,,,-3.83657,-40.91135,,"Rilquer M., Marcel L., Isabelle L., André M.",Malaise,1,Classe 4,,UBA02,,15,,,,
,Dermap.,00001,MR102,,Dermaptera,,Anisolabididae,,,,,,,,"M. J. B. P. R., Miranda, 2022",12-26.iii.2022,,,,Brasil,Ceará,Crato,,,-7.30628,-39.45638,,Rilquer Mascarenhas,Pitfall,6,"Classe 4, 5",,ARA 01,,8,,,,
,Dermap.,00003,MR104,,Dermaptera,,Anisolabididae,,,,,,,,"M. J. B. P. R., Miranda, 2022",03-19.iv.2022,,,,Brasil,Ceará,Ubajara,,,-3.83657,-40.91135,,"Rilquer M., Marcel L., Isabelle L., André M.",Pitfall,8,"Classe 4, 5",,UBA02,,13,,,,
,Dipt.,01934,MR105,,Diptera,,Culicidae,,,,,,,,"M. J. B. P. R., Miranda, 2022",02-15.i.2020,,,,Brasil,Ceará,Crato,Fazenda Seu Luis,,-7.21718,-39.4736,,"Rilquer M., Lucas P.",Pitfall,2,Classe 2,,ARA 02,,1,,,,
,Dipt.,01935,MR106,,Diptera,,Cecidomyiidae,,,,,,,,"M. J. B. P. R., Miranda, 2022",06-13.i.2020,,,,Brasil,Ceará,Barbalha,Fazenda Santa Rita,,-7.36641,-39.31042,,"Rilquer M., Lucas P.",Pitfall,2,"Classe 1, 2",,ARA 03,,2,,,,
,Dipt.,01936,MR107,,Diptera,,Phoridae,,,,,,,,"M. J. B. P. R., Miranda, 2022",06-13.i.2020,,,,Brasil,Ceará,Barbalha,Fazenda Santa Rita,,-7.36641,-39.31042,,"Rilquer M., Lucas P.",Pitfall,1,Classe 3,,ARA 03,,2,,,,
,Dipt.,01937,MR108,,Diptera,,Muscidae,,,,,,,,"M. J. B. P. R., Miranda, 2022",12-26.iii.2022,,,,Brasil,Ceará,Crato,,,-7.30628,-39.45638,,Rilquer Mascarenhas,Malaise,4,Classe 3,,ARA 01,,3,,,,
,Dipt.,01938,MR109,,Diptera,,Sarcophagidae,,,,,,,,"M. J. B. P. R., Miranda, 2022",12-26.iii.2022,,,,Brasil,Ceará,Crato,,,-7.30628,-39.45638,,Rilquer Mascarenhas,Malaise,1,Classe 4,,ARA 01,,3,,,,
,Dipt.,01939,MR110,,Diptera,,Platypezidae,,,,,,,,"M. J. B. P. R., Miranda, 2022",12-26.iii.2022,,,,Brasil,Ceará,Crato,,,-7.30628,-39.45638,,Rilquer Mascarenhas,Malaise,1,Classe 3,,ARA 01,,3,,,,
,Dipt.,01940,MR111,,Diptera,,Chloropidae,,,,,,,,"M. J. B. P. R., Miranda, 2022",12-26.iii.2022,,,,Brasil,Ceará,Crato,,,-7.30628,-39.45638,,Rilquer Mascarenhas,Malaise,1,Classe 3,,ARA 01,,3,,,,
,Dipt.,01942,MR113,,Diptera,,Phoridae,,,,,,,,"M. J. B. P. R., Miranda, 2022",12-26.iii.2022,,,,Brasil,Ceará,Crato,,,-7.30628,-39.45638,,Rilquer Mascarenhas,Malaise,2,"Classe 2, 3",,ARA 01,,3,,,,
,Dipt.,01943,MR114,,Diptera,,Lauxaniidae,,,,,,,,"M. J. B. P. R., Miranda, 2022",12-26.iii.2022,,,,Brasil,Ceará,Crato,,,-7.30628,-39.45638,,Rilquer Mascarenhas,Malaise,2,"Classe 3, 4",,ARA 01,,3,,,,
,Dipt.,01944,MR115,,Diptera,,Chironomidae,,,,,,,,"M. J. B. P. R., Miranda, 2022",12-26.iii.2022,,,,Brasil,Ceará,Crato,,,-7.30628,-39.45638,,Rilquer Mascarenhas,Malaise,2,"Classe 2, 3",,ARA 01,,3,,,,
,Dipt.,01946,MR117,,Diptera,,Cecidomyiidae,,,,,,,,"M. J. B. P. R., Miranda, 2022",12-26.iii.2022,,,,Brasil,Ceará,Crato,,,-7.30628,-39.45638,,Rilquer Mascarenhas,Malaise,8,"Classe 1, 2, 3",,ARA 01,,3,,,,
,Dipt.,01947,MR118,,Diptera,,Mycetophilidae,,,,,,,,"M. J. B. P. R., Miranda, 2022",12-26.iii.2022,,,,Brasil,Ceará,Crato,,,-7.30628,-39.45638,,Rilquer Mascarenhas,Malaise,5,Classe 3,,ARA 01,,3,,,,
,Dipt.,01949,MR120,,Diptera,,Phoridae,,,,,,,,"M. J. B. P. R., Miranda, 2022",06-13.i.2020,,,,Brasil,Ceará,Barbalha,Fazenda Santa Rita,,-7.36641,-39.31042,,"Rilquer M., Lucas P.",Pitfall,4,Classe 3,,ARA 03,,4,,,,
,Dipt.,01950,MR121,,Diptera,,Cecidomyiidae,,,,,,,,"M. J. B. P. R., Miranda, 2022",06-13.i.2020,,,,Brasil,Ceará,Barbalha,Fazenda Santa Rita,,-7.36641,-39.31042,,"Rilquer M., Lucas P.",Pitfall,2,Classe 1,,ARA 03,,4,,,,
,Dipt.,01951,MR122,,Diptera,,Sarcophagidae,,,,,,,,"M. J. B. P. R., Miranda, 2022",06-13.i.2020,,,,Brasil,Ceará,Barbalha,Fazenda Santa Rita,,-7.36641,-39.31042,,"Rilquer M., Lucas P.",Malaise,5,"Classe 3, 4",,ARA 03,,5,,,,
,Dipt.,01953,MR124,,Diptera,,Muscidae,,,,,,,,"M. J. B. P. R., Miranda, 2022",06-13.i.2020,,,,Brasil,Ceará,Barbalha,Fazenda Santa Rita,,-7.36641,-39.31042,,"Rilquer M., Lucas P.",Malaise,1,Classe 4,,ARA 03,,5,,,,
,Dipt.,01954,MR125,,Diptera,,Richardiidae,,,,,,,,"M. J. B. P. R., Miranda, 2022",06-13.i.2020,,,,Brasil,Ceará,Barbalha,Fazenda Santa Rita,,-7.36641,-39.31042,,"Rilquer M., Lucas P.",Malaise,1,Classe 3,,ARA 03,,5,,,,
,Dipt.,01955,MR126,,Diptera,,Chironomidae,,,,,,,,"M. J. B. P. R., Miranda, 2022",06-13.i.2020,,,,Brasil,Ceará,Barbalha,Fazenda Santa Rita,,-7.36641,-39.31042,,"Rilquer M., Lucas P.",Malaise,7,"Classe 2, 3",,ARA 03,,5,,,,
,Dipt.,01956,MR127,,Diptera,,Phoridae,,,,,,,,"M. J. B. P. R., Miranda, 2022",06-13.i.2020,,,,Brasil,Ceará,Barbalha,Fazenda Santa Rita,,-7.36641,-39.31042,,"Rilquer M., Lucas P.",Malaise,9,"Classe 2, 3",,ARA 03,,5,,,,
,Dipt.,01957,MR128,,Diptera,,Psycodidae,,,,,,,,"M. J. B. P. R., Miranda, 2022",06-13.i.2020,,,,Brasil,Ceará,Barbalha,Fazenda Santa Rita,,-7.36641,-39.31042,,"Rilquer M., Lucas P.",Malaise,1,Classe 2,,ARA 03,,5,,,,
,Dipt.,01958,MR129,,Diptera,,Cecidomyiidae,,,,,,,,"M. J. B. P. R., Miranda, 2022",06-13.i.2020,,,,Brasil,Ceará,Barbalha,Fazenda Santa Rita,,-7.36641,-39.31042,,"Rilquer M., Lucas P.",Malaise,35,"Classe 1, 2, 3",,ARA 03,,5,,,,
,Dipt.,01959,MR130,,Diptera,,Mycetophilidae,,,,,,,,"M. J. B. P. R., Miranda, 2022",06-13.i.2020,,,,Brasil,Ceará,Barbalha,Fazenda Santa Rita,,-7.36641,-39.31042,,"Rilquer M., Lucas P.",Malaise,10,"Classe 2, 3",,ARA 03,,5,,,,
,Dipt.,01962,MR133,,Diptera,,Drosophilidae,,,,,,,,"M. J. B. P. R., Miranda, 2022",06-13.i.2020,,,,Brasil,Ceará,Barbalha,Fazenda Santa Rita,,-7.36641,-39.31042,,"Rilquer M., Lucas P.",Malaise,1,Classe 2,,ARA 03,,5,,,,
,Dipt.,01963,MR134,,Diptera,,Chloropidae,,,,,,,,"M. J. B. P. R., Miranda, 2022",06-13.i.2020,,,,Brasil,Ceará,Barbalha,Fazenda Santa Rita,,-7.36641,-39.31042,,"Rilquer M., Lucas P.",Malaise,4,"Classe 2, 3",,ARA 03,,5,,,,
,Dipt.,01964,MR135,,Diptera,,Clusiidae,,,,,,,,"M. J. B. P. R., Miranda, 2022",06-13.i.2020,,,,Brasil,Ceará,Barbalha,Fazenda Santa Rita,,-7.36641,-39.31042,,"Rilquer M., Lucas P.",Malaise,1,Classe 3,,ARA 03,,5,,,,
,Dipt.,01965,MR136,,Diptera,,Heleomyzidae,,,,,,,,"M. J. B. P. R., Miranda, 2022",12-26..iii.2022,,,,Brasil,Ceará,Barbalha,Trilha das Flores,,-7.389190112,-39.28148954,,Rilquer Mascarenhas,Malaise,2,"Classe 2, 3",,ARA 03,,6,,,,
,Dipt.,01966,MR137,,Diptera,,Drosophilidae,,,,,,,,"M. J. B. P. R., Miranda, 2022",12-26..iii.2022,,,,Brasil,Ceará,Barbalha,Trilha das Flores,,-7.389190112,-39.28148954,,Rilquer Mascarenhas,Malaise,5,"Classe 2, 3",,ARA 03,,6,,,,
,Dipt.,01967,MR138,,Diptera,,Fanniidae,,,,,,,,"M. J. B. P. R., Miranda, 2022",12-26..iii.2022,,,,Brasil,Ceará,Barbalha,Trilha das Flores,,-7.389190112,-39.28148954,,Rilquer Mascarenhas,Malaise,3,Classe 3,,ARA 03,,6,,,,
,Dipt.,01971,MR142,,Diptera,,Psycodidae,,,,,,,,"M. J. B. P. R., Miranda, 2022",12-26..iii.2022,,,,Brasil,Ceará,Barbalha,Trilha das Flores,,-7.389190112,-39.28148954,,Rilquer Mascarenhas,Malaise,5,"Classe 1, 2, 3",,ARA 03,,6,,,,
,Dipt.,01973,MR144,,Diptera,,Lauxaniidae,,,,,,,,"M. J. B. P. R., Miranda, 2022",12-26..iii.2022,,,,Brasil,Ceará,Barbalha,Trilha das Flores,,-7.389190112,-39.28148954,,Rilquer Mascarenhas,Malaise,2,"Classe 2, 3",,ARA 03,,6,,,,
,Dipt.,01975,MR146,,Diptera,,Chironomidae,,,,,,,,"M. J. B. P. R., Miranda, 2022",12-26..iii.2022,,,,Brasil,Ceará,Barbalha,Trilha das Flores,,-7.389190112,-39.28148954,,Rilquer Mascarenhas,Malaise,10,"Classe 2, 3",,ARA 03,,6,,,,
,Dipt.,01977,MR148,,Diptera,,Hybotidae,,,,,,,,"M. J. B. P. R., Miranda, 2022",12-26..iii.2022,,,,Brasil,Ceará,Barbalha,Trilha das Flores,,-7.389190112,-39.28148954,,Rilquer Mascarenhas,Malaise,6,"Classe 2, 3",,ARA 03,,6,,,,
,Dipt.,01978,MR149,,Diptera,,Mycetophilidae,,,,,,,,"M. J. B. P. R., Miranda, 2022",12-26..iii.2022,,,,Brasil,Ceará,Barbalha,Trilha das Flores,,-7.389190112,-39.28148954,,Rilquer Mascarenhas,Malaise,20,"Classe 2, 3, 4",,ARA 03,,6,,,,
,Dipt.,01979,MR150,,Diptera,,Muscidae,,,,,,,,"M. J. B. P. R., Miranda, 2022",12-26..iii.2022,,,,Brasil,Ceará,Barbalha,Trilha das Flores,,-7.389190112,-39.28148954,,Rilquer Mascarenhas,Malaise,6,"Classe 3, 4",,ARA 03,,6,,,,
,Dipt.,01980,MR151,,Diptera,,Cecidomyiidae,,,,,,,,"M. J. B. P. R., Miranda, 2022",12-26..iii.2022,,,,Brasil,Ceará,Barbalha,Trilha das Flores,,-7.389190112,-39.28148954,,Rilquer Mascarenhas,Malaise,50,"Classe 1, 2, 3",,ARA 03,,6,,,,
,Dipt.,01981,MR152,,Diptera,,Phoridae,,,,,,,,"M. J. B. P. R., Miranda, 2022",12-26..iii.2022,,,,Brasil,Ceará,Barbalha,Trilha das Flores,,-7.389190112,-39.28148954,,Rilquer Mascarenhas,Malaise,30,"Classe 2, 3",,ARA 03,,6,,,,
,Dipt.,01982,MR153,,Diptera,,Ceratopogonidae,,,,,,,,"M. J. B. P. R., Miranda, 2022",12-26..iii.2022,,,,Brasil,Ceará,Barbalha,Trilha das Flores,,-7.389190112,-39.28148954,,Rilquer Mascarenhas,Malaise,1,Classe 2,,ARA 03,,6,,,,
,Dipt.,01983,MR154,,Diptera,,Sarcophagidae,,,,,,,,"M. J. B. P. R., Miranda, 2022",12-26..iii.2022,,,,Brasil,Ceará,Barbalha,Trilha das Flores,,-7.389190112,-39.28148954,,Rilquer Mascarenhas,Malaise,2,Classe 4,,ARA 03,,6,,,,
,Dipt.,01987,MR158,,Diptera,,Phoridae,,,,,,,,"M. J. B. P. R., Miranda, 2022",12-27.iii.2022,,,,Brasil,Ceará,Barbalha,Trilha das Flores,,-7.389190112,-39.28148954,,Rilquer Mascarenhas,Pitfall,5,Classe 3,,ARA 03,,7,,,,
,Dipt.,01992,MR163,,Diptera,,Phoridae,,,,,,,,"M. J. B. P. R., Miranda, 2022",12-26.iii.2022,,,,Brasil,Ceará,Crato,,,-7.30628,-39.45638,,Rilquer Mascarenhas,Pitfall,5,Classe 3,,ARA 01,,8,,,,
,Dipt.,01993,MR164,,Diptera,,Drosophilidae,,,,,,,,"M. J. B. P. R., Miranda, 2022",12-26.iii.2022,,,,Brasil,Ceará,Crato,,,-7.30628,-39.45638,,Rilquer Mascarenhas,Pitfall,2,Classe 3,,ARA 01,,8,,,,
,Dipt.,01996,MR167,,Diptera,,Muscidae,,,,,,,,"M. J. B. P. R., Miranda, 2022",02-15.i.2020,,,,Brasil,Ceará,Crato,Fazenda Seu Luis,,-7.21718,-39.4736,,"Rilquer M., Lucas P.",Malaise,2,Classe 4,,ARA 02,,9,,,,
,Dipt.,01997,MR168,,Diptera,,Mycetophilidae,,,,,,,,"M. J. B. P. R., Miranda, 2022",02-15.i.2020,,,,Brasil,Ceará,Crato,Fazenda Seu Luis,,-7.21718,-39.4736,,"Rilquer M., Lucas P.",Malaise,8,"Classe 2, 3",,ARA 02,,9,,,,
,Dipt.,01998,MR169,,Diptera,,Stratiomyidae,,,,,,,,"M. J. B. P. R., Miranda, 2022",02-15.i.2020,,,,Brasil,Ceará,Crato,Fazenda Seu Luis,,-7.21718,-39.4736,,"Rilquer M., Lucas P.",Malaise,1,Classe 4,,ARA 02,,9,,,,
,Dipt.,01999,MR170,,Diptera,,Clusiidae,,,,,,,,"M. J. B. P. R., Miranda, 2022",02-15.i.2020,,,,Brasil,Ceará,Crato,Fazenda Seu Luis,,-7.21718,-39.4736,,"Rilquer M., Lucas P.",Malaise,2,Classe 3,,ARA 02,,9,,,,
,Dipt.,02000,MR171,,Diptera,,Psycodidae,,,,,,,,"M. J. B. P. R., Miranda, 2022",02-15.i.2020,,,,Brasil,Ceará,Crato,Fazenda Seu Luis,,-7.21718,-39.4736,,"Rilquer M., Lucas P.",Malaise,1,Classe 3,,ARA 02,,9,,,,
,Dipt.,02001,MR172,,Diptera,,Asilidae,,,,,,,,"M. J. B. P. R., Miranda, 2022",02-15.i.2020,,,,Brasil,Ceará,Crato,Fazenda Seu Luis,,-7.21718,-39.4736,,"Rilquer M., Lucas P.",Malaise,4,"Classe 3, 5",,ARA 02,,9,,,,
,Dipt.,02002,MR173,,Diptera,,Richardiidae,,,,,,,,"M. J. B. P. R., Miranda, 2022",02-15.i.2020,,,,Brasil,Ceará,Crato,Fazenda Seu Luis,,-7.21718,-39.4736,,"Rilquer M., Lucas P.",Malaise,1,Classe 3,,ARA 02,,9,,,,
,Dipt.,02003,MR174,,Diptera,,Hybotidae,,,,,,,,"M. J. B. P. R., Miranda, 2022",02-15.i.2020,,,,Brasil,Ceará,Crato,Fazenda Seu Luis,,-7.21718,-39.4736,,"Rilquer M., Lucas P.",Malaise,1,Classe 3,,ARA 02,,9,,,,
,Dipt.,02004,MR175,,Diptera,,Sarcophagidae,,,,,,,,"M. J. B. P. R., Miranda, 2022",02-15.i.2020,,,,Brasil,Ceará,Crato,Fazenda Seu Luis,,-7.21718,-39.4736,,"Rilquer M., Lucas P.",Malaise,8,"Classe 3, 4",,ARA 02,,9,,,,
,Dipt.,02005,MR176,,Diptera,,Chloropidae,,,,,,,,"M. J. B. P. R., Miranda, 2022",02-15.i.2020,,,,Brasil,Ceará,Crato,Fazenda Seu Luis,,-7.21718,-39.4736,,"Rilquer M., Lucas P.",Malaise,1,Classe 3,,ARA 02,,9,,,,
,Dipt.,02006,MR177,,Diptera,,Phoridae,,,,,,,,"M. J. B. P. R., Miranda, 2022",02-15.i.2020,,,,Brasil,Ceará,Crato,Fazenda Seu Luis,,-7.21718,-39.4736,,"Rilquer M., Lucas P.",Malaise,18,"Clase 2, 3",,ARA 02,,9,,,,
,Dipt.,02007,MR178,,Diptera,,Cecidomyiidae,,,,,,,,"M. J. B. P. R., Miranda, 2022",02-15.i.2020,,,,Brasil,Ceará,Crato,Fazenda Seu Luis,,-7.21718,-39.4736,,"Rilquer M., Lucas P.",Malaise,105,"Classe 1, 2, 3",,ARA 02,,9,,,,
,Dipt.,02008,MR179,,Diptera,,Chloropidae,,,,,,,,"M. J. B. P. R., Miranda, 2022",03-19.iv.2022,,,,Brasil,Ceará,Ubajara,,,-3.84109,-40.94129,,"Rilquer M., Marcel L., Isabelle L., André M.",Pitfall,2,Classe 3,,UBA01,,10,,,,
,Dipt.,02009,MR180,,Diptera,,Phoridae,,,,,,,,"M. J. B. P. R., Miranda, 2022",03-19.iv.2022,,,,Brasil,Ceará,Ubajara,,,-3.84109,-40.94129,,"Rilquer M., Marcel L., Isabelle L., André M.",Pitfall,8,"Classe 2, 3",,UBA01,,10,,,,
,Dipt.,02010,MR181,,Diptera,,Cecidomyiidae,,,,,,,,"M. J. B. P. R., Miranda, 2022",03-19.iv.2022,,,,Brasil,Ceará,Ubajara,,,-3.84109,-40.94129,,"Rilquer M., Marcel L., Isabelle L., André M.",Pitfall,3,Classe 2,,UBA01,,10,,,,
,Dipt.,02011,MR182,,Diptera,,Mycetophilidae,,,,,,,,"M. J. B. P. R., Miranda, 2022",03-19.iv.2022,,,,Brasil,Ceará,Ubajara,,,-3.84109,-40.94129,,"Rilquer M., Marcel L., Isabelle L., André M.",Pitfall,2,Classe 3,,UBA01,,10,,,,
,Dipt.,02012,MR183,,Diptera,,Drosophilidae,,,,,,,,"M. J. B. P. R., Miranda, 2022",03-19.iv.2022,,,,Brasil,Ceará,Ubajara,,,-3.84109,-40.94129,,"Rilquer M., Marcel L., Isabelle L., André M.",Pitfall,13,"Classe 2, 3",,UBA01,,10,,,,
,Dipt.,02013,MR184,,Diptera,,Mycetophilidae,,,,,,,,"M. J. B. P. R., Miranda, 2022",03-19.iv.2022,,,,Brasil,Ceará,Ubajara,,,-4.06658,-40.8454,,"Rilquer M., Marcel L., Isabelle L., André M.",Pitfall,2,"Classe 3, 4",,UBA03,,11,,,,
,Dipt.,02014,MR185,,Diptera,,Phoridae,,,,,,,,"M. J. B. P. R., Miranda, 2022",03-19.iv.2022,,,,Brasil,Ceará,Ubajara,,,-4.06658,-40.8454,,"Rilquer M., Marcel L., Isabelle L., André M.",Pitfall,5,"Classe 2, 3",,UBA03,,11,,,,
,Dipt.,02015,MR186,,Diptera,,Cecidomyiidae,,,,,,,,"M. J. B. P. R., Miranda, 2022",03-19.iv.2022,,,,Brasil,Ceará,Ubajara,,,-4.06658,-40.8454,,"Rilquer M., Marcel L., Isabelle L., André M.",Pitfall,11,"Classe 1, 2, 3",,UBA03,,11,,,,
,Dipt.,02018,MR189,,Diptera,,Tipulidae,,,,,,,,"M. J. B. P. R., Miranda, 2022",03-19.iv.2022,,,,Brasil,Ceará,Ubajara,,,-4.06658,-40.8454,,"Rilquer M., Marcel L., Isabelle L., André M.",Malaise,2,"Classe 4, 5",,UBA03,,12,,,,
,Dipt.,02020,MR191,,Diptera,,Ceratopogonidae,,,,,,,,"M. J. B. P. R., Miranda, 2022",03-19.iv.2022,,,,Brasil,Ceará,Ubajara,,,-4.06658,-40.8454,,"Rilquer M., Marcel L., Isabelle L., André M.",Malaise,1,Classe 2,,UBA03,,12,,,,
,Dipt.,02021,MR192,,Diptera,,Chironomidae,,,,,,,,"M. J. B. P. R., Miranda, 2022",03-19.iv.2022,,,,Brasil,Ceará,Ubajara,,,-4.06658,-40.8454,,"Rilquer M., Marcel L., Isabelle L., André M.",Malaise,9,"Classe 2, 3",,UBA03,,12,,,,
,Dipt.,02023,MR194,,Diptera,,Psycodidae,,,,,,,,"M. J. B. P. R., Miranda, 2022",03-19.iv.2022,,,,Brasil,Ceará,Ubajara,,,-4.06658,-40.8454,,"Rilquer M., Marcel L., Isabelle L., André M.",Malaise,8,"Classe 2, 3",,UBA03,,12,,,,
,Dipt.,02024,MR195,,Diptera,,Cecidomyiidae,,,,,,,,"M. J. B. P. R., Miranda, 2022",03-19.iv.2022,,,,Brasil,Ceará,Ubajara,,,-4.06658,-40.8454,,"Rilquer M., Marcel L., Isabelle L., André M.",Malaise,63,"Classe 1, 2, 3",,UBA03,,12,,,,
,Dipt.,02025,MR196,,Diptera,,Mycetophilidae,,,,,,,,"M. J. B. P. R., Miranda, 2022",03-19.iv.2022,,,,Brasil,Ceará,Ubajara,,,-4.06658,-40.8454,,"Rilquer M., Marcel L., Isabelle L., André M.",Malaise,18,"Classe 2, 3",,UBA03,,12,,,,
,Dipt.,02026,MR197,,Diptera,,Phoridae,,,,,,,,"M. J. B. P. R., Miranda, 2022",03-19.iv.2022,,,,Brasil,Ceará,Ubajara,,,-4.06658,-40.8454,,"Rilquer M., Marcel L., Isabelle L., André M.",Malaise,23,"Classe 2, 3",,UBA03,,12,,,,
,Dipt.,02027,MR198,,Diptera,,Phoridae,,,,,,,,"M. J. B. P. R., Miranda, 2022",03-19.iv.2022,,,,Brasil,Ceará,Ubajara,,,-3.83657,-40.91135,,"Rilquer M., Marcel L., Isabelle L., André M.",Pitfall,4,Classe 3,,UBA02,,13,,,,
,Dipt.,02031,MR202,,Diptera,,Stratiomyidae,,,,,,,,"M. J. B. P. R., Miranda, 2022",03-19.iv.2022,,,,Brasil,Ceará,Ubajara,,,-3.83657,-40.91135,,"Rilquer M., Marcel L., Isabelle L., André M.",Pitfall,2,Classe 5,,UBA02,,13,,,,
,Dipt.,02032,MR203,,Diptera,,Drosophilidae,,,,,,,,"M. J. B. P. R., Miranda, 2022",03-19.iv.2022,,,,Brasil,Ceará,Ubajara,,,-3.83657,-40.91135,,"Rilquer M., Marcel L., Isabelle L., André M.",Pitfall,46,"Classe 2, 3",,UBA02,,13,,,,
,Dipt.,02033,MR204,,Diptera,,Muscidae,,,,,,,,"M. J. B. P. R., Miranda, 2022",03-19.iv.2022,,,,Brasil,Ceará,Ubajara,,,-3.84109,-40.94129,,"Rilquer M., Marcel L., Isabelle L., André M.",Malaise,1,Classe 3,,UBA01,,14,,,,
,Dipt.,02035,MR206,,Diptera,,Chloropidae,,,,,,,,"M. J. B. P. R., Miranda, 2022",03-19.iv.2022,,,,Brasil,Ceará,Ubajara,,,-3.84109,-40.94129,,"Rilquer M., Marcel L., Isabelle L., André M.",Malaise,1,Classe 3,,UBA01,,14,,,,
,Dipt.,02037,MR208,,Diptera,,Stratiomyidae,,,,,,,,"M. J. B. P. R., Miranda, 2022",03-19.iv.2022,,,,Brasil,Ceará,Ubajara,,,-3.84109,-40.94129,,"Rilquer M., Marcel L., Isabelle L., André M.",Malaise,3,"Classe 4, 5",,UBA01,,14,,,,
,Dipt.,02040,MR211,,Diptera,,Psycodidae,,,,,,,,"M. J. B. P. R., Miranda, 2022",03-19.iv.2022,,,,Brasil,Ceará,Ubajara,,,-3.84109,-40.94129,,"Rilquer M., Marcel L., Isabelle L., André M.",Malaise,2,Classe 2,,UBA01,,14,,,,
,Dipt.,02041,MR212,,Diptera,,Dolichopodidae,,,,,,,,"M. J. B. P. R., Miranda, 2022",03-19.iv.2022,,,,Brasil,Ceará,Ubajara,,,-3.84109,-40.94129,,"Rilquer M., Marcel L., Isabelle L., André M.",Malaise,1,Classe 3,,UBA01,,14,,,,
,Dipt.,02043,MR214,,Diptera,,Neriidae,,,,,,,,"M. J. B. P. R., Miranda, 2022",03-19.iv.2022,,,,Brasil,Ceará,Ubajara,,,-3.84109,-40.94129,,"Rilquer M., Marcel L., Isabelle L., André M.",Malaise,1,Classe 4,,UBA01,,14,,,,
,Dipt.,02045,MR216,,Diptera,,Drosophilidae,,,,,,,,"M. J. B. P. R., Miranda, 2022",03-19.iv.2022,,,,Brasil,Ceará,Ubajara,,,-3.84109,-40.94129,,"Rilquer M., Marcel L., Isabelle L., André M.",Malaise,1,Classe 2,,UBA01,,14,,,,
,Dipt.,02046,MR217,,Diptera,,Asilidae,,,,,,,,"M. J. B. P. R., Miranda, 2022",03-19.iv.2022,,,,Brasil,Ceará,Ubajara,,,-3.84109,-40.94129,,"Rilquer M., Marcel L., Isabelle L., André M.",Malaise,5,Classe 4,,UBA01,,14,,,,
,Dipt.,02047,MR218,,Diptera,,Phoridae,,,,,,,,"M. J. B. P. R., Miranda, 2022",03-19.iv.2022,,,,Brasil,Ceará,Ubajara,,,-3.84109,-40.94129,,"Rilquer M., Marcel L., Isabelle L., André M.",Malaise,19,"Classe 2, 3",,UBA01,,14,,,,
,Dipt.,02048,MR219,,Diptera,,Mycetophilidae,,,,,,,,"M. J. B. P. R., Miranda, 2022",03-19.iv.2022,,,,Brasil,Ceará,Ubajara,,,-3.84109,-40.94129,,"Rilquer M., Marcel L., Isabelle L., André M.",Malaise,40,"Classe 2, 3",,UBA01,,14,,,,
,Dipt.,02049,MR220,,Diptera,,Cecidomyiidae,,,,,,,,"M. J. B. P. R., Miranda, 2022",03-19.iv.2022,,,,Brasil,Ceará,Ubajara,,,-3.84109,-40.94129,,"Rilquer M., Marcel L., Isabelle L., André M.",Malaise,44,"Classe 1, 2, 3",,UBA01,,14,,,,
,Dipt.,02050,MR221,,Diptera,,Chloropidae,,,,,,,,"M. J. B. P. R., Miranda, 2022",03-19.iv.2022,,,,Brasil,Ceará,Ubajara,,,-3.83657,-40.91135,,"Rilquer M., Marcel L., Isabelle L., André M.",Malaise,2,"Classe 2, 3",,UBA02,,15,,,,
,Dipt.,02052,MR223,,Diptera,,Tipulidae,,,,,,,,"M. J. B. P. R., Miranda, 2022",03-19.iv.2022,,,,Brasil,Ceará,Ubajara,,,-3.83657,-40.91135,,"Rilquer M., Marcel L., Isabelle L., André M.",Malaise,1,Classe 4,,UBA02,,15,,,,
,Dipt.,02053,MR224,,Diptera,,Stratiomyidae,,,,,,,,"M. J. B. P. R., Miranda, 2022",03-19.iv.2022,,,,Brasil,Ceará,Ubajara,,,-3.83657,-40.91135,,"Rilquer M., Marcel L., Isabelle L., André M.",Malaise,1,Classe 5,,UBA02,,15,,,,
,Dipt.,02055,MR226,,Diptera,,Richardiidae,,,,,,,,"M. J. B. P. R., Miranda, 2022",03-19.iv.2022,,,,Brasil,Ceará,Ubajara,,,-3.83657,-40.91135,,"Rilquer M., Marcel L., Isabelle L., André M.",Malaise,1,Classe 4,,UBA02,,15,,,,
,Dipt.,02059,MR230,,Diptera,,Phoridae,,,,,,,,"M. J. B. P. R., Miranda, 2022",03-19.iv.2022,,,,Brasil,Ceará,Ubajara,,,-3.83657,-40.91135,,"Rilquer M., Marcel L., Isabelle L., André M.",Malaise,9,"Classe 2, 3",,UBA02,,15,,,,
,Dipt.,02060,MR231,,Diptera,,Drosophilidae,,,,,,,,"M. J. B. P. R., Miranda, 2022",03-19.iv.2022,,,,Brasil,Ceará,Ubajara,,,-3.83657,-40.91135,,"Rilquer M., Marcel L., Isabelle L., André M.",Malaise,10,"Classe 2, 3",,UBA02,,15,,,,
,Dipt.,02061,MR232,,Diptera,,Psycodidae,,,,,,,,"M. J. B. P. R., Miranda, 2022",03-19.iv.2022,,,,Brasil,Ceará,Ubajara,,,-3.83657,-40.91135,,"Rilquer M., Marcel L., Isabelle L., André M.",Malaise,9,"Classe 1, 2",,UBA02,,15,,,,
,Dipt.,02062,MR233,,Diptera,,Mycetophilidae,,,,,,,,"M. J. B. P. R., Miranda, 2022",03-19.iv.2022,,,,Brasil,Ceará,Ubajara,,,-3.83657,-40.91135,,"Rilquer M., Marcel L., Isabelle L., André M.",Malaise,55,"Classe 2, 3",,UBA02,,15,,,,
,Dipt.,02063,MR234,,Diptera,,Cecidomyiidae,,,,,,,,"M. J. B. P. R., Miranda, 2022",03-19.iv.2022,,,,Brasil,Ceará,Ubajara,,,-3.83657,-40.91135,,"Rilquer M., Marcel L., Isabelle L., André M.",Malaise,47,"Classe 2, 3",,UBA02,,15,,,,
,Embiop.,00001,MR235,,Embioptera,,Oligotomidae,,,,,,,,"M. J. B. P. R., Miranda, 2022",06-13.i.2020,,,,Brasil,Ceará,Barbalha,Fazenda Santa Rita,,-7.36641,-39.31042,,"Rilquer M., Lucas P.",Malaise,2,Classe 5,,ARA 03,,5,,,,
,Hemip.,00002,MR237,,Hemiptera,,Cicadellidae,,,,,,,,"L. E. S., Batista",12-26.iii.2022,,,,Brasil,Ceará,Crato,,,-7.30628,-39.45638,,Rilquer Mascarenhas,Malaise,1,Classe 3,,ARA 01,,3,,,,
,Hemip.,00003,MR238,,Hemiptera,,Cicadellidae,,,,,,,,"L. E. S., Batista",06-13.i.2020,,,,Brasil,Ceará,Barbalha,Fazenda Santa Rita,,-7.36641,-39.31042,,"Rilquer M., Lucas P.",Pitfall,2,Classe 3,,ARA 03,,4,,,,
,Hemip.,00006,MR241,,Hemiptera,,Cicadellidae,,,,,,,,"L. E. S., Batista",06-13.i.2020,,,,Brasil,Ceará,Barbalha,Fazenda Santa Rita,,-7.36641,-39.31042,,"Rilquer M., Lucas P.",Malaise,13,"Classe 2, 3, 4",,ARA 03,,5,,,,
,Hemip.,00008,MR243,,Hemiptera,,Cixiidae,,,,,,,,"L. E. S., Batista",12-26..iii.2022,,,,Brasil,Ceará,Barbalha,Trilha das Flores,,-7.389190112,-39.28148954,,Rilquer Mascarenhas,Malaise,3,"Classe 3, 4",,ARA 03,,6,,,,
,Hemip.,00010,MR245,,Hemiptera,,Nogodinidae,,,,,,,,"L. E. S., Batista",12-26..iii.2022,,,,Brasil,Ceará,Barbalha,Trilha das Flores,,-7.389190112,-39.28148954,,Rilquer Mascarenhas,Malaise,1,Classe 4,,ARA 03,,6,,,,
,Hemip.,00011,MR246,,Hemiptera,,Cicadellidae,,,,,,,,"L. E. S., Batista",12-26..iii.2022,,,,Brasil,Ceará,Barbalha,Trilha das Flores,,-7.389190112,-39.28148954,,Rilquer Mascarenhas,Malaise,6,"Classe 2, 3, 4",,ARA 03,,6,,,,
,Hemip.,00012,MR247,,Hemiptera,,Derbidae,,,,,,,,"L. E. S., Batista",12-26..iii.2022,,,,Brasil,Ceará,Barbalha,Trilha das Flores,,-7.389190112,-39.28148954,,Rilquer Mascarenhas,Malaise,2,Classe 3,,ARA 03,,6,,,,
,Hemip.,00015,MR250,,Hemiptera,,Cydnidae,,,,,,,,"L. E. S., Batista",12-26.iii.2022,,,,Brasil,Ceará,Crato,,,-7.30628,-39.45638,,Rilquer Mascarenhas,Pitfall,3,"Classe 2, 4",,ARA 01,,8,,,,
,Hemip.,00016,MR251,,Hemiptera,,Rhyparochromidae,,,,,,,,"L. E. S., Batista",12-26.iii.2022,,,,Brasil,Ceará,Crato,,,-7.30628,-39.45638,,Rilquer Mascarenhas,Pitfall,2,"Classe 3, 4",,ARA 01,,8,,,,
,Hemip.,00017,MR252,,Hemiptera,,Mesoveliidae,,,,,,,,"L. E. S., Batista",12-26.iii.2022,,,,Brasil,Ceará,Crato,,,-7.30628,-39.45638,,Rilquer Mascarenhas,Pitfall,2,"Classe 2, 3",,ARA 01,,8,,,,
,Hemip.,00018,MR253,,Hemiptera,,Cicadellidae,,,,,,,,"L. E. S., Batista",02-15.i.2020,,,,Brasil,Ceará,Crato,Fazenda Seu Luis,,-7.21718,-39.4736,,"Rilquer M., Lucas P.",Malaise,6,"Classe 2, 3, 4",,ARA 02,,9,,,,
,Hemip.,00022,MR257,,Hemiptera,,Cicadellidae,,,,,,,,"L. E. S., Batista",03-19.iv.2022,,,,Brasil,Ceará,Ubajara,,,-3.84109,-40.94129,,"Rilquer M., Marcel L., Isabelle L., André M.",Pitfall,1,Classe 2,,UBA01,,10,,,,
,Hemip.,00023,MR258,,Hemiptera,,Issidae,,,,,,,,"L. E. S., Batista",03-19.iv.2022,,,,Brasil,Ceará,Ubajara,,,-3.84109,-40.94129,,"Rilquer M., Marcel L., Isabelle L., André M.",Pitfall,1,Classe 3,,UBA01,,10,,,,
,Hemip.,00024,MR259,,Hemiptera,,Cydnidae,,,,,,,,"L. E. S., Batista",03-19.iv.2022,,,,Brasil,Ceará,Ubajara,,,-3.84109,-40.94129,,"Rilquer M., Marcel L., Isabelle L., André M.",Pitfall,2,"Classe 3, 5",,UBA01,,10,,,,
,Hemip.,00025,MR260,,Hemiptera,,Miridae,,,,,,,,"L. E. S., Batista",03-19.iv.2022,,,,Brasil,Ceará,Ubajara,,,-3.84109,-40.94129,,"Rilquer M., Marcel L., Isabelle L., André M.",Pitfall,1,Classe 3,,UBA01,,10,,,,
,Hemip.,00028,MR263,,Hemiptera,,Cixiidae,,,,,,,,"L. E. S., Batista",03-19.iv.2022,,,,Brasil,Ceará,Ubajara,,,-4.06658,-40.8454,,"Rilquer M., Marcel L., Isabelle L., André M.",Malaise,2,Classe 3,,UBA03,,12,,,,
,Hemip.,00029,MR264,,Hemiptera,,Cydnidae,,,,,,,,"L. E. S., Batista",03-19.iv.2022,,,,Brasil,Ceará,Ubajara,,,-3.83657,-40.91135,,"Rilquer M., Marcel L., Isabelle L., André M.",Pitfall,2,Classe 5,,UBA02,,13,,,,
,Hemip.,00030,MR265,,Hemiptera,,Miridae,,,,,,,,"L. E. S., Batista",03-19.iv.2022,,,,Brasil,Ceará,Ubajara,,,-3.83657,-40.91135,,"Rilquer M., Marcel L., Isabelle L., André M.",Pitfall,2,"Classe 3, 4",,UBA02,,13,,,,
,Hemip.,00031,MR266,,Hemiptera,,Derbidae,,,,,,,,"L. E. S., Batista",03-19.iv.2022,,,,Brasil,Ceará,Ubajara,,,-3.84109,-40.94129,,"Rilquer M., Marcel L., Isabelle L., André M.",Malaise,1,Classe 2,,UBA01,,14,,,,
,Hemip.,00032,MR267,,Hemiptera,,Cicadellidae,,,,,,,,"L. E. S., Batista",03-19.iv.2022,,,,Brasil,Ceará,Ubajara,,,-3.83657,-40.91135,,"Rilquer M., Marcel L., Isabelle L., André M.",Malaise,3,"Classe 3, 4",,UBA02,,15,,,,
,Hemip.,00034,MR269,,Hemiptera,,Cicadellidae,,,,,,,,"L. E. S., Batista",03-19.iv.2022,,,,Brasil,Ceará,Ubajara,,,-4.06658,-40.8454,,"Rilquer M., Marcel L., Isabelle L., André M.",Malaise,3,"Classe 2, 3, 4",,UBA03,,12,,,,
,Hymen.,13822,MR271,,Hymenoptera,,Formicidae,,,,,,,,"M. J. B. P. R., Miranda, 2022",02-15.i.2020,,,,Brasil,Ceará,Crato,Fazenda Seu Luis,,-7.21718,-39.4736,,"Rilquer M., Lucas P.",Pitfall,10,"Classe 2, 3, 5",,ARA 02,,1,,,,
,Hymen.,13823,MR272,,Hymenoptera,,Formicidae,,,,,,,,"M. J. B. P. R., Miranda, 2022",06-13.i.2020,,,,Brasil,Ceará,Barbalha,Fazenda Santa Rita,,-7.36641,-39.31042,,"Rilquer M., Lucas P.",Pitfall,10,"Classe 2, 3, 4, 5, 6",,ARA 03,,2,,,,
,Hymen.,13824,MR273,,Hymenoptera,,Scelionidae,,,,,,,,"M. J. B. P. R., Miranda, 2022",06-13.i.2020,,,,Brasil,Ceará,Barbalha,Fazenda Santa Rita,,-7.36641,-39.31042,,"Rilquer M., Lucas P.",Pitfall,1,Classe 3,,ARA 03,,2,,,,
,Hymen.,13826,MR275,,Hymenoptera,,Formicidae,,,,,,,,"M. J. B. P. R., Miranda, 2022",12-26.iii.2022,,,,Brasil,Ceará,Crato,,,-7.30628,-39.45638,,Rilquer Mascarenhas,Malaise,1,Classe 3,,ARA 01,,3,,,,
,Hymen.,13827,MR276,,Hymenoptera,,Vespidae,,,,,,,,"M. J. B. P. R., Miranda, 2022",12-26.iii.2022,,,,Brasil,Ceará,Crato,,,-7.30628,-39.45638,,Rilquer Mascarenhas,Malaise,2,Classe 5,,ARA 01,,3,,,,
,Hymen.,13831,MR280,,Hymenoptera,,Ichneumonidae,,,,,,,,"M. J. B. P. R., Miranda, 2022",12-26.iii.2022,,,,Brasil,Ceará,Crato,,,-7.30628,-39.45638,,Rilquer Mascarenhas,Malaise,2,Classe 3,,ARA 01,,3,,,,
,Hymen.,13832,MR281,,Hymenoptera,,Formicidae,,,,,,,,"M. J. B. P. R., Miranda, 2022",06-13.i.2020,,,,Brasil,Ceará,Barbalha,Fazenda Santa Rita,,-7.36641,-39.31042,,"Rilquer M., Lucas P.",Pitfall,14,"Classe 2, 3, 4, 5, 6",,ARA 03,,4,,,,
,Hymen.,13835,MR284,,Hymenoptera,,Eupelmidae,,,,,,,,"M. J. B. P. R., Miranda, 2022",06-13.i.2020,,,,Brasil,Ceará,Barbalha,Fazenda Santa Rita,,-7.36641,-39.31042,,"Rilquer M., Lucas P.",Malaise,2,"Classe 2, 4",,ARA 03,,5,,,,
,Hymen.,13837,MR286,,Hymenoptera,,Formicidae,,,,,,,,"M. J. B. P. R., Miranda, 2022",06-13.i.2020,,,,Brasil,Ceará,Barbalha,Fazenda Santa Rita,,-7.36641,-39.31042,,"Rilquer M., Lucas P.",Malaise,19,"Classe 2, 3, 4, 5",,ARA 03,,5,,,,
,Hymen.,13838,MR287,,Hymenoptera,,Evaniidae,,,,,,,,"M. J. B. P. R., Miranda, 2022",06-13.i.2020,,,,Brasil,Ceará,Barbalha,Fazenda Santa Rita,,-7.36641,-39.31042,,"Rilquer M., Lucas P.",Malaise,5,"Classe 3, 4",,ARA 03,,5,,,,
,Hymen.,13839,MR288,,Hymenoptera,,Scelionidae,,,,,,,,"M. J. B. P. R., Miranda, 2022",06-13.i.2020,,,,Brasil,Ceará,Barbalha,Fazenda Santa Rita,,-7.36641,-39.31042,,"Rilquer M., Lucas P.",Malaise,4,"Classe 1, 2, 3",,ARA 03,,5,,,,
,Hymen.,13840,MR289,,Hymenoptera,,Apidae,,,,,,,,"M. J. B. P. R., Miranda, 2022",06-13.i.2020,,,,Brasil,Ceará,Barbalha,Fazenda Santa Rita,,-7.36641,-39.31042,,"Rilquer M., Lucas P.",Malaise,1,Classe 3,,ARA 03,,5,,,,
,Hymen.,13841,MR290,,Hymenoptera,,Ichneumonidae,,,,,,,,"M. J. B. P. R., Miranda, 2022",06-13.i.2020,,,,Brasil,Ceará,Barbalha,Fazenda Santa Rita,,-7.36641,-39.31042,,"Rilquer M., Lucas P.",Malaise,6,"Classe 3, 4, 5",,ARA 03,,5,,,,
,Hymen.,13842,MR291,,Hymenoptera,,Sclerogibbidae,,,,,,,,"M. J. B. P. R., Miranda, 2022",06-13.i.2020,,,,Brasil,Ceará,Barbalha,Fazenda Santa Rita,,-7.36641,-39.31042,,"Rilquer M., Lucas P.",Malaise,3,Classe 3,,ARA 03,,5,,,,
,Hymen.,13843,MR292,,Hymenoptera,,Bethylidae,,,,,,,,"M. J. B. P. R., Miranda, 2022",06-13.i.2020,,,,Brasil,Ceará,Barbalha,Fazenda Santa Rita,,-7.36641,-39.31042,,"Rilquer M., Lucas P.",Malaise,4,"Classe 2, 4",,ARA 03,,5,,,,
,Hymen.,13844,MR293,,Hymenoptera,,Dryinidae,,,,,,,,"M. J. B. P. R., Miranda, 2022",06-13.i.2020,,,,Brasil,Ceará,Barbalha,Fazenda Santa Rita,,-7.36641,-39.31042,,"Rilquer M., Lucas P.",Malaise,6,"Classe 3, 4",,ARA 03,,5,,,,
,Hymen.,13845,MR294,,Hymenoptera,,Pergidae,,,,,,,,"M. J. B. P. R., Miranda, 2022",06-13.i.2020,,,,Brasil,Ceará,Barbalha,Fazenda Santa Rita,,-7.36641,-39.31042,,"Rilquer M., Lucas P.",Malaise,3,Classe 3,,ARA 03,,5,,,,
,Hymen.,13846,MR295,,Hymenoptera,,Vespidae,,,,,,,,"M. J. B. P. R., Miranda, 2022",06-13.i.2020,,,,Brasil,Ceará,Barbalha,Fazenda Santa Rita,,-7.36641,-39.31042,,"Rilquer M., Lucas P.",Malaise,3,"Classe 4, 5",,ARA 03,,5,,,,
,Hymen.,13848,MR297,,Hymenoptera,,Braconidae,,,,,,,,"M. J. B. P. R., Miranda, 2022",06-13.i.2020,,,,Brasil,Ceará,Barbalha,Fazenda Santa Rita,,-7.36641,-39.31042,,"Rilquer M., Lucas P.",Malaise,6,"Classe 2, 3",,ARA 03,,5,,,,
,Hymen.,13849,MR298,,Hymenoptera,,Pompilidae,,,,,,,,"M. J. B. P. R., Miranda, 2022",06-13.i.2020,,,,Brasil,Ceará,Barbalha,Fazenda Santa Rita,,-7.36641,-39.31042,,"Rilquer M., Lucas P.",Malaise,7,"Classe 3, 4",,ARA 03,,5,,,,
,Hymen.,13850,MR299,,Hymenoptera,,Tiphiidae,,,,,,,,"M. J. B. P. R., Miranda, 2022",06-13.i.2020,,,,Brasil,Ceará,Barbalha,Fazenda Santa Rita,,-7.36641,-39.31042,,"Rilquer M., Lucas P.",Malaise,1,Classe 4,,ARA 03,,5,,,,
,Hymen.,13851,MR300,,Hymenoptera,,Eurytomidae,,,,,,,,"M. J. B. P. R., Miranda, 2022",06-13.i.2020,,,,Brasil,Ceará,Barbalha,Fazenda Santa Rita,,-7.36641,-39.31042,,"Rilquer M., Lucas P.",Malaise,3,Classe 3,,ARA 03,,5,,,,
,Hymen.,13852,MR301,,Hymenoptera,,Mutiliidae,,,,,,,,"M. J. B. P. R., Miranda, 2022",06-13.i.2020,,,,Brasil,Ceará,Barbalha,Fazenda Santa Rita,,-7.36641,-39.31042,,"Rilquer M., Lucas P.",Malaise,2,"Classe 3, 4",,ARA 03,,5,,,,
,Hymen.,13853,MR302,,Hymenoptera,,Ichneumonidae,,,,,,,,"M. J. B. P. R., Miranda, 2022",12-26..iii.2022,,,,Brasil,Ceará,Barbalha,Trilha das Flores,,-7.389190112,-39.28148954,,Rilquer Mascarenhas,Malaise,4,"Classe 3, 4, 5",,ARA 03,,6,,,,
,Hymen.,13855,MR304,,Hymenoptera,,Bethylidae,,,,,,,,"M. J. B. P. R., Miranda, 2022",12-26..iii.2022,,,,Brasil,Ceará,Barbalha,Trilha das Flores,,-7.389190112,-39.28148954,,Rilquer Mascarenhas,Malaise,3,Classe 3,,ARA 03,,6,,,,
,Hymen.,13856,MR305,,Hymenoptera,,Braconidae,,,,,,,,"M. J. B. P. R., Miranda, 2022",12-26..iii.2022,,,,Brasil,Ceará,Barbalha,Trilha das Flores,,-7.389190112,-39.28148954,,Rilquer Mascarenhas,Malaise,3,"Classe 3, 4",,ARA 03,,6,,,,
,Hymen.,13857,MR306,,Hymenoptera,,Mymaridae,,,,,,,,"M. J. B. P. R., Miranda, 2022",12-26..iii.2022,,,,Brasil,Ceará,Barbalha,Trilha das Flores,,-7.389190112,-39.28148954,,Rilquer Mascarenhas,Malaise,1,Classe 1,,ARA 03,,6,,,,
,Hymen.,13858,MR307,,Hymenoptera,,Scelionidae,,,,,,,,"M. J. B. P. R., Miranda, 2022",12-26..iii.2022,,,,Brasil,Ceará,Barbalha,Trilha das Flores,,-7.389190112,-39.28148954,,Rilquer Mascarenhas,Malaise,3,Classe 3,,ARA 03,,6,,,,
,Hymen.,13859,MR308,,Hymenoptera,,Formicidae,,,,,,,,"M. J. B. P. R., Miranda, 2022",12-26..iii.2022,,,,Brasil,Ceará,Barbalha,Trilha das Flores,,-7.389190112,-39.28148954,,Rilquer Mascarenhas,Malaise,13,"Classe 2, 3, 4, 5",,ARA 03,,6,,,,
,Hymen.,13861,MR310,,Hymenoptera,,Vespidae,,,,,,,,"M. J. B. P. R., Miranda, 2022",12-26..iii.2022,,,,Brasil,Ceará,Barbalha,Trilha das Flores,,-7.389190112,-39.28148954,,Rilquer Mascarenhas,Malaise,2,"Classe 4, 5",,ARA 03,,6,,,,
,Hymen.,13862,MR311,,Hymenoptera,,Pompilidae,,,,,,,,"M. J. B. P. R., Miranda, 2022",12-26..iii.2022,,,,Brasil,Ceará,Barbalha,Trilha das Flores,,-7.389190112,-39.28148954,,Rilquer Mascarenhas,Malaise,3,"Classe 4, 5",,ARA 03,,6,,,,
,Hymen.,13863,MR312,,Hymenoptera,,Evaniidae,,,,,,,,"M. J. B. P. R., Miranda, 2022",12-26..iii.2022,,,,Brasil,Ceará,Barbalha,Trilha das Flores,,-7.389190112,-39.28148954,,Rilquer Mascarenhas,Malaise,3,Classe 3,,ARA 03,,6,,,,
,Hymen.,13865,MR314,,Hymenoptera,,Scelionidae,,,,,,,,"M. J. B. P. R., Miranda, 2022",12-27.iii.2022,,,,Brasil,Ceará,Barbalha,Trilha das Flores,,-7.389190112,-39.28148954,,Rilquer Mascarenhas,Pitfall,5,Classe 3,,ARA 03,,7,,,,
,Hymen.,13867,MR316,,Hymenoptera,,Formicidae,,,,,,,,"M. J. B. P. R., Miranda, 2022",12-27.iii.2022,,,,Brasil,Ceará,Barbalha,Trilha das Flores,,-7.389190112,-39.28148954,,Rilquer Mascarenhas,Pitfall,2,Classe 3,,ARA 03,,7,,,,
,Hymen.,13868,MR317,,Hymenoptera,,Formicidae,,,,,,,,"M. J. B. P. R., Miranda, 2022",12-26.iii.2022,,,,Brasil,Ceará,Crato,,,-7.30628,-39.45638,,Rilquer Mascarenhas,Pitfall,4,Classe 5,,ARA 01,,8,,,,
,Hymen.,13869,MR318,,Hymenoptera,,Formicidae,,,,,,,,"M. J. B. P. R., Miranda, 2022",12-26.iii.2022,,,,Brasil,Ceará,Crato,,,-7.30628,-39.45638,,Rilquer Mascarenhas,Pitfall,34,"Classe 2, 3, 4",,ARA 01,,8,,,,
,Hymen.,13870,MR319,,Hymenoptera,,Scelionidae,,,,,,,,"M. J. B. P. R., Miranda, 2022",12-26.iii.2022,,,,Brasil,Ceará,Crato,,,-7.30628,-39.45638,,Rilquer Mascarenhas,Pitfall,20,Classe 3,,ARA 01,,8,,,,
,Hymen.,13871,MR320,,Hymenoptera,,Scelionidae,,,,,,,,"M. J. B. P. R., Miranda, 2022",12-26.iii.2022,,,,Brasil,Ceará,Crato,,,-7.30628,-39.45638,,Rilquer Mascarenhas,Pitfall,1,Classe 1,,ARA 01,,8,,,,
,Hymen.,13873,MR322,,Hymenoptera,,Tiphiidae,,,,,,,,"M. J. B. P. R., Miranda, 2022",02-15.i.2020,,,,Brasil,Ceará,Crato,Fazenda Seu Luis,,-7.21718,-39.4736,,"Rilquer M., Lucas P.",Malaise,3,Classe 4,,ARA 02,,9,,,,
,Hymen.,13874,MR323,,Hymenoptera,,Bethylidae,,,,,,,,"M. J. B. P. R., Miranda, 2022",02-15.i.2020,,,,Brasil,Ceará,Crato,Fazenda Seu Luis,,-7.21718,-39.4736,,"Rilquer M., Lucas P.",Malaise,5,Classe 3,,ARA 02,,9,,,,
,Hymen.,13876,MR325,,Hymenoptera,,Braconidae,,,,,,,,"M. J. B. P. R., Miranda, 2022",02-15.i.2020,,,,Brasil,Ceará,Crato,Fazenda Seu Luis,,-7.21718,-39.4736,,"Rilquer M., Lucas P.",Malaise,3,"Classe 2, 3",,ARA 02,,9,,,,
,Hymen.,13877,MR326,,Hymenoptera,,Ichneumonidae,,,,,,,,"M. J. B. P. R., Miranda, 2022",02-15.i.2020,,,,Brasil,Ceará,Crato,Fazenda Seu Luis,,-7.21718,-39.4736,,"Rilquer M., Lucas P.",Malaise,7,"Classe 4, 5",,ARA 02,,9,,,,
,Hymen.,13878,MR327,,Hymenoptera,,Scelionidae,,,,,,,,"M. J. B. P. R., Miranda, 2022",02-15.i.2020,,,,Brasil,Ceará,Crato,Fazenda Seu Luis,,-7.21718,-39.4736,,"Rilquer M., Lucas P.",Malaise,4,"Classe 2, 3",,ARA 02,,9,,,,
,Hymen.,13880,MR329,,Hymenoptera,,Evaniidae,,,,,,,,"M. J. B. P. R., Miranda, 2022",02-15.i.2020,,,,Brasil,Ceará,Crato,Fazenda Seu Luis,,-7.21718,-39.4736,,"Rilquer M., Lucas P.",Malaise,8,"Class 3, 4",,ARA 02,,9,,,,
,Hymen.,13882,MR331,,Hymenoptera,,Formicidae,,,,,,,,"M. J. B. P. R., Miranda, 2022",02-15.i.2020,,,,Brasil,Ceará,Crato,Fazenda Seu Luis,,-7.21718,-39.4736,,"Rilquer M., Lucas P.",Malaise,11,"Classe 2, 3, 4",,ARA 02,,9,,,,
,Hymen.,13883,MR332,,Hymenoptera,,Vespidae,,,,,,,,"M. J. B. P. R., Miranda, 2022",02-15.i.2020,,,,Brasil,Ceará,Crato,Fazenda Seu Luis,,-7.21718,-39.4736,,"Rilquer M., Lucas P.",Malaise,7,"Classe 4, 5",,ARA 02,,9,,,,
,Hymen.,13888,MR337,,Hymenoptera,,Scelionidae,,,,,,,,"M. J. B. P. R., Miranda, 2022",03-19.iv.2022,,,,Brasil,Ceará,Ubajara,,,-3.84109,-40.94129,,"Rilquer M., Marcel L., Isabelle L., André M.",Pitfall,1,Classe 3,,UBA01,,10,,,,
,Hymen.,13890,MR339,,Hymenoptera,,Formicidae,,,,,,,,"M. J. B. P. R., Miranda, 2022",03-19.iv.2022,,,,Brasil,Ceará,Ubajara,,,-3.84109,-40.94129,,"Rilquer M., Marcel L., Isabelle L., André M.",Pitfall,15,"Classe 2, 3, 4",,UBA01,,10,,,,
,Hymen.,13891,MR340,,Hymenoptera,,Scelionidae,,,,,,,,"M. J. B. P. R., Miranda, 2022",03-19.iv.2022,,,,Brasil,Ceará,Ubajara,,,-4.06658,-40.8454,,"Rilquer M., Marcel L., Isabelle L., André M.",Pitfall,1,Classe 2,,UBA03,,11,,,,
,Hymen.,13892,MR341,,Hymenoptera,,Formicidae,,,,,,,,"M. J. B. P. R., Miranda, 2022",03-19.iv.2022,,,,Brasil,Ceará,Ubajara,,,-4.06658,-40.8454,,"Rilquer M., Marcel L., Isabelle L., André M.",Pitfall,16,"Classe 2, 3, 4",,UBA03,,11,,,,
,Hymen.,13895,MR344,,Hymenoptera,,Ichneumonidae,,,,,,,,"M. J. B. P. R., Miranda, 2022",03-19.iv.2022,,,,Brasil,Ceará,Ubajara,,,-4.06658,-40.8454,,"Rilquer M., Marcel L., Isabelle L., André M.",Malaise,1,Classe 3,,UBA03,,12,,,,
,Hymen.,13896,MR345,,Hymenoptera,,Formicidae,,,,,,,,"M. J. B. P. R., Miranda, 2022",03-19.iv.2022,,,,Brasil,Ceará,Ubajara,,,-4.06658,-40.8454,,"Rilquer M., Marcel L., Isabelle L., André M.",Malaise,9,"Classe 2, 3, 4",,UBA03,,12,,,,
,Hymen.,13898,MR347,,Hymenoptera,,Formicidae,,,,,,,,"M. J. B. P. R., Miranda, 2022",03-19.iv.2022,,,,Brasil,Ceará,Ubajara,,,-3.83657,-40.91135,,"Rilquer M., Marcel L., Isabelle L., André M.",Pitfall,17,"Classe 3, 4, 5",,UBA02,,13,,,,
,Hymen.,13901,MR350,,Hymenoptera,,Bethylidae,,,,,,,,"M. J. B. P. R., Miranda, 2022",03-19.iv.2022,,,,Brasil,Ceará,Ubajara,,,-3.84109,-40.94129,,"Rilquer M., Marcel L., Isabelle L., André M.",Malaise,1,Classe 3,,UBA01,,14,,,,
,Hymen.,13903,MR352,,Hymenoptera,,Braconidae,,,,,,,,"M. J. B. P. R., Miranda, 2022",03-19.iv.2022,,,,Brasil,Ceará,Ubajara,,,-3.84109,-40.94129,,"Rilquer M., Marcel L., Isabelle L., André M.",Malaise,1,Classe 2,,UBA01,,14,,,,
,Hymen.,13904,MR353,,Hymenoptera,,Formicidae,,,,,,,,"M. J. B. P. R., Miranda, 2022",03-19.iv.2022,,,,Brasil,Ceará,Ubajara,,,-3.84109,-40.94129,,"Rilquer M., Marcel L., Isabelle L., André M.",Malaise,8,"Classe 3, 4",,UBA01,,14,,,,
,Hymen.,13905,MR354,,Hymenoptera,,Ichneumonidae,,,,,,,,"M. J. B. P. R., Miranda, 2022",03-19.iv.2022,,,,Brasil,Ceará,Ubajara,,,-3.83657,-40.91135,,"Rilquer M., Marcel L., Isabelle L., André M.",Malaise,3,"Classe 3, 4, 5",,UBA02,,15,,,,
,Hymen.,13909,MR358,,Hymenoptera,,Formicidae,,,,,,,,"M. J. B. P. R., Miranda, 2022",03-19.iv.2022,,,,Brasil,Ceará,Ubajara,,,-3.83657,-40.91135,,"Rilquer M., Marcel L., Isabelle L., André M.",Malaise,6,"Classe 3, 4",,UBA02,,15,,,,
,Lepid.,00391,MR359,,Lepidoptera,,Noctuidae,,,,,,,,"L. E. S., Batista",12-26.iii.2022,,,,Brasil,Ceará,Crato,,,-7.30628,-39.45638,,Rilquer Mascarenhas,Malaise,8,"Classe 3, 4",,ARA 01,,3,,,,
,Lepid.,00392,MR360,,Lepidoptera,,Notodontidae,,,,,,,,"L. E. S., Batista",12-26.iii.2022,,,,Brasil,Ceará,Crato,,,-7.30628,-39.45638,,Rilquer Mascarenhas,Malaise,1,Classe 6,,ARA 01,,3,,,,
,Lepid.,00393,MR361,,Lepidoptera,,Noctuidae,,,,,,,,"L. E. S., Batista",06-13.i.2020,,,,Brasil,Ceará,Barbalha,Fazenda Santa Rita,,-7.36641,-39.31042,,"Rilquer M., Lucas P.",Malaise,15,"Classe 2, 3, 4, 5",,ARA 03,,5,,,,
,Lepid.,00394,MR363,,Lepidoptera,,Acrolophidae,,,,,,,,"L. E. S., Batista",12-26..iii.2022,,,,Brasil,Ceará,Barbalha,Trilha das Flores,,-7.389190112,-39.28148954,,Rilquer Mascarenhas,Malaise,2,Classe 5,,ARA 03,,6,,,,
,Lepid.,00396,MR365,,Lepidoptera,,Noctuidae,,,,,,,,"L. E. S., Batista",12-26..iii.2022,,,,Brasil,Ceará,Barbalha,Trilha das Flores,,-7.389190112,-39.28148954,,Rilquer Mascarenhas,Malaise,9,"Classe 3, 4, 5",,ARA 03,,6,,,,
,Lepid.,00399,MR368,,Lepidoptera,,Hyblaeidae,,,,,,,,"L. E. S., Batista",02-15.i.2020,,,,Brasil,Ceará,Crato,Fazenda Seu Luis,,-7.21718,-39.4736,,"Rilquer M., Lucas P.",Malaise,1,Classe 5,,ARA 02,,9,,,,
,Lepid.,00400,MR369,,Lepidoptera,,Noctuidae,,,,,,,,"L. E. S., Batista",02-15.i.2020,,,,Brasil,Ceará,Crato,Fazenda Seu Luis,,-7.21718,-39.4736,,"Rilquer M., Lucas P.",Malaise,12,"Classe 3, 4, 5",,ARA 02,,9,,,,
,Lepid.,00402,MR371,,Lepidoptera,,Noctuidae,,,,,,,,"L. E. S., Batista",03-19.iv.2022,,,,Brasil,Ceará,Ubajara,,,-3.84109,-40.94129,,"Rilquer M., Marcel L., Isabelle L., André M.",Pitfall,3,Classe 5,,UBA01,,10,,,,
,Lepid.,00405,MR374,,Lepidoptera,,Noctuidae,,,,,,,,"L. E. S., Batista",03-19.iv.2022,,,,Brasil,Ceará,Ubajara,,,-4.06658,-40.8454,,"Rilquer M., Marcel L., Isabelle L., André M.",Malaise,5,"Classe 3, 4, 5",,UBA03,,12,,,,
,Lepid.,00407,MR376,,Lepidoptera,,Notodontidae,,,,,,,,"L. E. S., Batista",03-19.iv.2022,,,,Brasil,Ceará,Ubajara,,,-3.84109,-40.94129,,"Rilquer M., Marcel L., Isabelle L., André M.",Malaise,1,Classe 5,,UBA01,,14,,,,
,Lepid.,00408,MR377,,Lepidoptera,,Noctuidae,,,,,,,,"L. E. S., Batista",03-19.iv.2022,,,,Brasil,Ceará,Ubajara,,,-3.84109,-40.94129,,"Rilquer M., Marcel L., Isabelle L., André M.",Malaise,4,"Classe 3, 4, 5",,UBA01,,14,,,,
,Lepid.,00409,MR378,,Lepidoptera,,Notodontidae,,,,,,,,"L. E. S., Batista",03-19.iv.2022,,,,Brasil,Ceará,Ubajara,,,-3.83657,-40.91135,,"Rilquer M., Marcel L., Isabelle L., André M.",Malaise,3,"Classe 4, 5",,UBA02,,15,,,,
,Lepid.,00410,MR379,,Lepidoptera,,Noctuidae,,,,,,,,"L. E. S., Batista",03-19.iv.2022,,,,Brasil,Ceará,Ubajara,,,-3.83657,-40.91135,,"Rilquer M., Marcel L., Isabelle L., André M.",Malaise,6,"Classe 3, 4, 5",,UBA02,,15,,,,
,Orthop.,00001,MR384,,Orthoptera,,Mogoplistidae,,,,,,,,"M. J. B. P. R., Miranda, 2022",06-13.i.2020,,,,Brasil,Ceará,Barbalha,Fazenda Santa Rita,,-7.36641,-39.31042,,"Rilquer M., Lucas P.",Pitfall,1,Classe 6,,ARA 03,,2,,,,
,Orthop.,00002,MR385,,Orthoptera,,Mogoplistidae,,,,,,,,"M. J. B. P. R., Miranda, 2022",06-13.i.2020,,,,Brasil,Ceará,Barbalha,Fazenda Santa Rita,,-7.36641,-39.31042,,"Rilquer M., Lucas P.",Pitfall,9,"Classe 3, 4, 5, 6",,ARA 03,,4,,,,
,Orthop.,00006,MR389,,Orthoptera,,Romaleidae,,,,,,,,"M. J. B. P. R., Miranda, 2022",12-27.iii.2022,,,,Brasil,Ceará,Barbalha,Trilha das Flores,,-7.389190112,-39.28148954,,Rilquer Mascarenhas,Pitfall,4,Classe 3,,ARA 03,,7,,,,
,Orthop.,00007,MR390,,Orthoptera,,Gryllidae,,,,,,,,"M. J. B. P. R., Miranda, 2022",12-27.iii.2022,,,,Brasil,Ceará,Barbalha,Trilha das Flores,,-7.389190112,-39.28148954,,Rilquer Mascarenhas,Pitfall,4,"Classe 3, 4, 5",,ARA 03,,7,,,,
,Orthop.,00008,MR391,,Orthoptera,,Gryllidae,,,,,,,,"M. J. B. P. R., Miranda, 2022",12-26.iii.2022,,,,Brasil,Ceará,Crato,,,-7.30628,-39.45638,,Rilquer Mascarenhas,Pitfall,8,"Classe 2, 3, 4, 5",,ARA 01,,8,,,,
,Orthop.,00009,MR392,,Orthoptera,,Romaleidae,,,,,,,,"M. J. B. P. R., Miranda, 2022",02-15.i.2020,,,,Brasil,Ceará,Crato,Fazenda Seu Luis,,-7.21718,-39.4736,,"Rilquer M., Lucas P.",Malaise,5,Classe 5,,ARA 02,,9,,,,
,Orthop.,00010,MR393,,Orthoptera,,Acrididae,,,,,,,,"M. J. B. P. R., Miranda, 2022",02-15.i.2020,,,,Brasil,Ceará,Crato,Fazenda Seu Luis,,-7.21718,-39.4736,,"Rilquer M., Lucas P.",Malaise,3,"Classe 4, 5",,ARA 02,,9,,,,
,Orthop.,00011,MR394,,Orthoptera,,Gryllidae,,,,,,,,"M. J. B. P. R., Miranda, 2022",03-19.iv.2022,,,,Brasil,Ceará,Ubajara,,,-3.84109,-40.94129,,"Rilquer M., Marcel L., Isabelle L., André M.",Pitfall,13,"Classe 2, 3, 5, 6",,UBA01,,10,,,,
,Orthop.,00012,MR395,,Orthoptera,,Gryllidae,,,,,,,,"M. J. B. P. R., Miranda, 2022",03-19.iv.2022,,,,Brasil,Ceará,Ubajara,,,-4.06658,-40.8454,,"Rilquer M., Marcel L., Isabelle L., André M.",Pitfall,11,"Classe 2, 3, 4, 5",,UBA03,,11,,,,
,Orthop.,00015,MR398,,Orthoptera,,Gryllacrididae,,,,,,,,"M. J. B. P. R., Miranda, 2022",03-19.iv.2022,,,,Brasil,Ceará,Ubajara,,,-3.84109,-40.94129,,"Rilquer M., Marcel L., Isabelle L., André M.",Malaise,1,Classe 4,,UBA01,,14,,,,